event_id,artist,tour,city,region,venue,show_datetime,face_prices,onsale_datetime,official_url,secondary_url,piaoniu_url,priority,active
mtl_6a603a0be8d66b000193a6a3,汪苏泷,"Silence Wang 2026 ""Tomorrow World"" World Tour In Hong Kong",香港,HK,Kai Tak Stadium,2026-09-04T19:00,,,,https://www.moretickets.com/show-detail/silence-wang-hongkong-2026-concert?showId=6a603a0be8d66b000193a6a3&tourId=6a60386d961ac50001749658,https://x.piaoniu.com/activity/782022,auto,true
mtl_6a0edbfcff9aa00001849204,陈粒,"Chen Li ""One Grain"" 10th Anniversary Tour Concert 2026 IN HONG KONG",香港,HK,Hong Kong Coliseum ,2026-08-09T19:00,,,,https://www.moretickets.com/show-detail/chenli-hongkong-2026-concert?showId=6a0edbfcff9aa00001849204&tourId=6a0edbc44163d70001072dda,https://x.piaoniu.com/activity/775963,auto,true
mtl_69c4ad54f08f640001c6fd02,周杰伦,"Jay Chou ""Carnival II"" World Tour in Sydney",Sydney,CN,ENGIE Stadium,2026-11-21T19:00,,,,https://www.moretickets.com/show-detail/jaychou-sydney-2026-concert?showId=69c4ad54f08f640001c6fd02&tourId=69c4a519ab997a00010ab1a9,,auto,true
mtl_6a0ec9444163d70001051b96,周杰伦,"Jay Chou ""Carnival II"" World Tour 2027 in Kuala Lumpur",Wilayah Persekutuan Kuala Lumpur,CN,TM Stadium Nasional(formerly Stadium Bukit Jalil）,2027-01-23T19:00,,,,https://www.moretickets.com/show-detail/jaychou-kualalumpur-2027-concert?showId=6a0ec9444163d70001051b96&tourId=69c4a519ab997a00010ab1a9,,auto,true
mtl_69c4a672a220ef0001ff49d6,周杰伦,"Jay Chou ""Carnival II"" World Tour in Melbourne",Melbourne,CN,Marvel Stadium,2026-10-17T19:00,,,,https://www.moretickets.com/show-detail/jaychou-melbourne-2026-concert?showId=69c4a672a220ef0001ff49d6&tourId=69c4a519ab997a00010ab1a9,,auto,true
mtl_69f82621357a410001f102d7,周杰伦,"Jay Chou ""Carnival II"" World Tour 2027 in Singapore",Singapore,CN,Singapore National Stadium,2027-01-08T19:00,,,,https://www.moretickets.com/show-detail/jaychou-singapore-2027-concert?showId=69f82621357a410001f102d7&tourId=69c4a519ab997a00010ab1a9,,auto,true
mtl_694cc200d5ae490001ce2420,周杰伦,Morgan Jay: The Goofy Guy Tour in Hong Kong,香港,HK,Kitty Woo Stadium,2026-10-08T19:00,,,,https://www.moretickets.com/show-detail/694cc200d5ae490001ce2420?showId=694cc200d5ae490001ce2420&tourId=694cc00ad5ae490001cde60c,,auto,true
mtl_69845a197e1f9200019276a6,周杰伦,Morgan Jay: The Goofy Guy Tour in Taipei,澳门,MO,Legacy TERA,2026-10-06T19:00,,,,https://www.moretickets.com/show-detail/69845a197e1f9200019276a6?showId=69845a197e1f9200019276a6&tourId=694cc00ad5ae490001cde60c,,auto,true
mtl_6a4b74c7e74aee0001e6c3b5,张靓颖,"""Chasing"" Jane Zhang World Tour in Singapore",Singapore,CN,Marina Bay Sands Expo,2026-08-29T19:00,,,,https://www.moretickets.com/show-detail/janezhang-singapore-2026-concert?showId=6a4b74c7e74aee0001e6c3b5&tourId=693124c97eadd900013510b1,,auto,true
mtl_6a1fd952b3e381000118c307,杨千嬅,Miriam Yeung Live MY LIVE 1.0 World Tour Concert In GuangZhou,广州,CN,Tianhe Sports Centre Tianhe Stadium,2026-08-15T19:00,,,,https://www.moretickets.com/show-detail/miriamyeung-guangzhou-2026-concert?showId=6a1fd952b3e381000118c307&tourId=6a1fd870eac5760001f86bfc,https://x.piaoniu.com/activity/778022,auto,true
mtl_6a0d723d4163d70001e31e80,林宥嘉,"Yoga Lin ""Super Steward"" Tour Concert In Shanghai",上海,CN,Hongkou Football Stadium,2026-08-15T19:00,,,,https://www.moretickets.com/show-detail/yoga-lin-shanghai-2026-concert?showId=6a0d723d4163d70001e31e80&tourId=6a0d6e674163d70001e2ad3c,https://x.piaoniu.com/activity/774680,auto,true
mtl_6a113a0531184d000141e817,周深,ZHOUSHEN 2026 SHENSHEN'S CONCERT TOUR IN Guiyang,Guiyang,CN,Guiyang Olympic Sports Center Stadium,2026-08-09T19:00,,,,https://www.moretickets.com/show-detail/zhoushen-guiyang-2026-concert?showId=6a113a0531184d000141e817&tourId=6a1137a331184d000141a434,,auto,true
mtl_69eb1649ca341400013c6d48,孙燕姿, 孙燕姿《就在日落以后》巡回演唱会,杭州,CN,杭州奥体中心体育场（大莲花）,2026-10-09T19:00,,,,https://www.motianlun.cn/show-detail/show-detail?showId=69eb1649ca341400013c6d48,https://x.piaoniu.com/activity/754025,auto,true
mtl_69e9f46e1bf6330001dd4aab,孙燕姿,孙燕姿《就在日落以后》巡回演唱会,天津,CN,天津奥林匹克中心体育场,2026-09-11T19:00,,,,https://www.motianlun.cn/show-detail/show-detail?showId=69e9f46e1bf6330001dd4aab,https://x.piaoniu.com/activity/580415,auto,true
mtl_69eb15cddabe840001c63c0e,孙燕姿,孙燕姿《就在日落以后》巡回演唱会,长沙,CN,长沙贺龙体育中心体育场,2026-11-06T19:00,,,,https://www.motianlun.cn/show-detail/show-detail?showId=69eb15cddabe840001c63c0e,https://x.piaoniu.com/activity/774654,auto,true
mtl_69eb16b469f432000151d062,孙燕姿,孙燕姿《就在日落以后》 巡回演唱会,广州,CN,广州待定,敬请期待,,,,https://www.motianlun.cn/show-detail/show-detail?showId=69eb16b469f432000151d062,,auto,true
mtl_69fc2c9d783a46000179280a,周杰伦,爱在 南京 嘉年华2026周杰伦世界巡回演唱会,南京,CN,南京奥体中心体育场,2026-09-24T19:00,,,,https://www.motianlun.cn/show-detail/show-detail?showId=69fc2c9d783a46000179280a,https://x.piaoniu.com/activity/764715,auto,true
mtl_69fc28872f5124000134bd75,周杰伦,爱琴海 青岛 嘉年华2026周杰伦世界巡回演唱会,青岛,CN,青岛市民健身中心体育场,2026-10-03T19:00,,,,https://www.motianlun.cn/show-detail/show-detail?showId=69fc28872f5124000134bd75,https://x.piaoniu.com/activity/779166,auto,true
mtl_69f088a2300f6f000101d62c,周杰伦,阳光 三亚 嘉年华2026周杰伦世界巡回演唱会,三亚,CN,三亚市体育中心白鹭体育场,2026-12-18T19:00,,,,https://www.motianlun.cn/show-detail/show-detail?showId=69f088a2300f6f000101d62c,https://x.piaoniu.com/activity/780839,auto,true
mtl_69fc2c409bcf12000107df36,周杰伦,广州·蜗牛 嘉年华2026周杰伦世界巡回演唱会,广州,CN,广州待定,敬请期待,,,,https://www.motianlun.cn/show-detail/show-detail?showId=69fc2c409bcf12000107df36,,auto,true
mtl_6a66dc4767801500014c5579,周杰伦,兰亭序 武汉 嘉年华2027周杰伦世界巡回演唱会,武汉,CN,武汉待定,2027-04-09T19:00,,,,https://www.motianlun.cn/show-detail/show-detail?showId=6a66dc4767801500014c5579,,auto,true
mtl_6a0d97e5f902650001c14de5,王力宏,王力宏「最好的地方II」世界巡回演唱会,苏州,CN,苏州奥林匹克体育中心体育场,2026-08-14T19:00,,,,https://www.motianlun.cn/show-detail/show-detail?showId=6a0d97e5f902650001c14de5,https://x.piaoniu.com/activity/777242,auto,true
mtl_69eb409ddabe840001dddea6,王力宏,王力宏「最好的地方II」世界巡回演唱会,天津,CN,天津奥林匹克中心体育场,2026-08-28T19:00,,,,https://www.motianlun.cn/show-detail/show-detail?showId=69eb409ddabe840001dddea6,https://x.piaoniu.com/activity/767725,auto,true
mtl_69fefbe5fc3ddd00010171ac,王力宏,王力宏「最好的地方II」世界巡回演唱会,西安,CN,西安奥体中心体育场,2026-08-02T19:00,,,,https://www.motianlun.cn/show-detail/show-detail?showId=69fefbe5fc3ddd00010171ac,,auto,true
mtl_6a4b36a43eaf9f0001f038d9,王力宏,王力宏「最好的地方II」世界巡回演唱会-重庆站,重庆,CN,重庆奥体中心-体育场,2026-09-12T19:00,,,,https://www.motianlun.cn/show-detail/show-detail?showId=6a4b36a43eaf9f0001f038d9,https://x.piaoniu.com/activity/779389,auto,true
mtl_6a21357d76a625000193904b,王力宏,王力宏「最好的地方II」世界巡回演唱会-沈阳站,沈阳,CN,沈阳待定,敬请期待,,,,https://www.motianlun.cn/show-detail/show-detail?showId=6a21357d76a625000193904b,,auto,true
mtl_6a589c4afdcd5500010ef596,王力宏,王力宏「最好的地方II」世界巡回演唱会-合肥站,合肥,CN,合肥体育中心体育场,2026-10-03T19:00,,,,https://www.motianlun.cn/show-detail/show-detail?showId=6a589c4afdcd5500010ef596,https://x.piaoniu.com/activity/779056,auto,true
mtl_69eb404420e06000016027fd,王力宏,王力宏「最好的地方II」世界巡回演唱会,郑州,CN,郑州奥林匹克体育中心-洋河·梦之蓝体育场,2026-10-17T19:00,,,,https://www.motianlun.cn/show-detail/show-detail?showId=69eb404420e06000016027fd,https://x.piaoniu.com/activity/734361,auto,true
mtl_6a66f56d185dfc0001b64a4b,李宇春,李宇春2026皇后与梦想演唱会-北京站,北京,CN,北京华熙生物·润百颜ECM中心,2026-09-05T19:00,,,,https://www.motianlun.cn/show-detail/show-detail?showId=6a66f56d185dfc0001b64a4b,https://x.piaoniu.com/activity/782270,auto,true
mtl_6a0d3d9f9eed9900012b0628,张靓颖,“追”张靓颖世界巡回演唱会,郑州,CN,郑州奥林匹克体育中心-洋河·梦之蓝体育馆,2026-08-15T19:00,,,,https://www.motianlun.cn/show-detail/show-detail?showId=6a0d3d9f9eed9900012b0628,https://x.piaoniu.com/activity/777051,auto,true
mtl_6a3b6deb94e25e0001701b6a,张靓颖,“追”张靓颖世界巡回演唱会-南京站,南京,CN,南京梦之蓝青奥体育公园体育馆,2026-09-26T19:00,,,,https://www.motianlun.cn/show-detail/show-detail?showId=6a3b6deb94e25e0001701b6a,https://x.piaoniu.com/activity/772842,auto,true
mtl_6a22a09d95587500015fd61c,薛之谦,薛之谦“万兽之王”巡回演唱会—杭州站,杭州,CN,杭州奥体中心体育场（大莲花）,2026-08-13T19:00,,,,https://www.motianlun.cn/show-detail/show-detail?showId=6a22a09d95587500015fd61c,https://x.piaoniu.com/activity/676657,auto,true
mtl_6a0fcab979e1960001807b08,薛之谦,薛之谦“万兽之王”巡回演唱会,北京,CN,国家体育场—鸟巢,2026-08-02T19:00,,,,https://www.motianlun.cn/show-detail/show-detail?showId=6a0fcab979e1960001807b08,https://x.piaoniu.com/activity/763001,auto,true
mtl_6a54acb9a47eb60001330318,薛之谦,薛之谦“万兽之王”巡回演唱会—深圳站,深圳,CN,深圳大运中心体育场,2026-08-21T19:00,,,,https://www.motianlun.cn/show-detail/show-detail?showId=6a54acb9a47eb60001330318,https://x.piaoniu.com/activity/782318,auto,true
mtl_6a473d42488c55000167cf6c,薛之谦,薛之谦“万兽之王”巡回演唱会,兰州,CN,兰州奥体中心玫瑰体育场,2026-09-05T19:00,,,,https://www.motianlun.cn/show-detail/show-detail?showId=6a473d42488c55000167cf6c,https://x.piaoniu.com/activity/780526,auto,true
mtl_6a60725844c686000172ae7f,薛之谦, 薛之谦“万兽之王”巡回演唱会—大连站,大连,CN,大连体育中心体育场,2026-09-19T19:00,,,,https://www.motianlun.cn/show-detail/show-detail?showId=6a60725844c686000172ae7f,https://x.piaoniu.com/activity/777054,auto,true
mtl_6a1fc6528ef3f800013351ca,李荣浩,李荣浩「黑马」世界巡回演唱会-襄阳站,襄阳,CN,襄阳奥林匹克体育中心-体育场,2026-08-01T19:00,,,,https://www.motianlun.cn/show-detail/show-detail?showId=6a1fc6528ef3f800013351ca,https://x.piaoniu.com/activity/778318,auto,true
mtl_6a0eb1294a435b0001fe1149,李荣浩,李荣浩「黑马」世界巡回演唱会-乌鲁木齐站,乌鲁木齐,CN,乌鲁木齐奥体中心体育场,2026-08-22T19:00,,,,https://www.motianlun.cn/show-detail/show-detail?showId=6a0eb1294a435b0001fe1149,https://x.piaoniu.com/activity/768659,auto,true
mtl_6a3cc99c0c37e0000102cc9c,李荣浩,李荣浩「黑马」巡回演唱会-上海站,上海,CN,上海体育场,2026-09-25T19:00,,,,https://www.motianlun.cn/show-detail/show-detail?showId=6a3cc99c0c37e0000102cc9c,https://x.piaoniu.com/activity/776461,auto,true
mtl_69e86f4f084d6e0001e4773a,李荣浩,李荣浩「黑马」世界巡回演唱会,大连,CN,大连体育中心体育场,2026-08-08T19:00,,,,https://www.motianlun.cn/show-detail/show-detail?showId=69e86f4f084d6e0001e4773a,https://x.piaoniu.com/activity/768658,auto,true
mtl_69c6615b20b2aa000192e18f,李荣浩,李荣浩「黑马」巡回演唱会,天津,CN,天津奥林匹克中心体育场,2026-10-16T19:00,,,,https://www.motianlun.cn/show-detail/show-detail?showId=69c6615b20b2aa000192e18f,https://x.piaoniu.com/activity/768657,auto,true
mtl_69e8977b68b27b0001010ff1,李荣浩,李荣浩「黑马」世界巡回演唱会-临沂站,临沂,CN,临沂奥体公园体育场,2026-10-06T19:00,,,,https://www.motianlun.cn/show-detail/show-detail?showId=69e8977b68b27b0001010ff1,https://x.piaoniu.com/activity/768662,auto,true
mtl_6a1d265aa7d49f000147305e,李荣浩,李荣浩「黑马」世界巡回演唱会-衡阳站,衡阳,CN,衡阳市体育中心体育场,2026-10-24T19:00,,,,https://www.motianlun.cn/show-detail/show-detail?showId=6a1d265aa7d49f000147305e,https://x.piaoniu.com/activity/776856,auto,true
mtl_6a0eb1ed16a829000185fd6e,李荣浩,李荣浩「黑马」巡回演唱会-郑州站,郑州,CN,郑州奥林匹克体育中心-洋河·梦之蓝体育场,2026-10-31T19:00,,,,https://www.motianlun.cn/show-detail/show-detail?showId=6a0eb1ed16a829000185fd6e,https://x.piaoniu.com/activity/768661,auto,true
mtl_6a572bab423f1700015bbbbe,李荣浩,李荣浩「黑马」世界巡回演唱会-成都站,成都,CN,成都东安湖体育公园主体育场,2026-09-05T19:00,,,,https://www.motianlun.cn/show-detail/show-detail?showId=6a572bab423f1700015bbbbe,https://x.piaoniu.com/activity/766594,auto,true
mtl_6a1d27050f8307000115b5da,李荣浩,李荣浩「黑马」世界巡回演唱会-福州站,福州,CN,福州海峡奥林匹克体育中心体育场,2027-01-16T19:00,,,,https://www.motianlun.cn/show-detail/show-detail?showId=6a1d27050f8307000115b5da,https://x.piaoniu.com/activity/782105,auto,true
mtl_6a0d91980973640001c074d2,梁静茹,"「Best,茹果我不唱情歌」 梁静茹巡回演唱会 深圳站",深圳,CN,华润深圳湾体育中心＂春茧＂体育场 ,2026-10-17T19:00,,,,https://www.motianlun.cn/show-detail/show-detail?showId=6a0d91980973640001c074d2,https://x.piaoniu.com/activity/781475,auto,true
mtl_6a3e4f9812ad7300010c6823,梁静茹,"「Best,茹果我不唱情歌」梁静茹巡回演唱会 石家庄站",石家庄,CN,河北奥林匹克体育中心体育场,2026-09-26T19:00,,,,https://www.motianlun.cn/show-detail/show-detail?showId=6a3e4f9812ad7300010c6823,https://x.piaoniu.com/activity/768846,auto,true
mtl_6a0d8e780973640001bf52fe,梁静茹,"「Best,茹果我不唱情歌」梁静茹巡回演唱会",苏州,CN,苏州奥林匹克体育中心体育场,2026-10-31T19:00,,,,https://www.motianlun.cn/show-detail/show-detail?showId=6a0d8e780973640001bf52fe,https://x.piaoniu.com/activity/768836,auto,true
mtl_6a0d922864b6ed0001ea4422,梁静茹,"「Best,茹果我不唱情歌」 梁静茹巡回演唱会 西安站",西安,CN,西安奥体中心体育场,2026-09-05T19:00,,,,https://www.motianlun.cn/show-detail/show-detail?showId=6a0d922864b6ed0001ea4422,https://x.piaoniu.com/activity/768843,auto,true
mtl_6a0d8db70973640001bf0eb5,梁静茹,"「Best,茹果我不唱情歌」 梁静茹巡回演唱会 南宁站",南宁,CN,广西体育中心体育场 ,2026-11-14T19:00,,,,https://www.motianlun.cn/show-detail/show-detail?showId=6a0d8db70973640001bf0eb5,https://x.piaoniu.com/activity/777297,auto,true
mtl_69f2f510340104000133aa26,郁可唯,2026郁可唯“我怪”巡回演唱会-无锡站,无锡,CN,无锡体育中心体育馆,2026-08-08T19:00,,,,https://www.motianlun.cn/show-detail/show-detail?showId=69f2f510340104000133aa26,https://x.piaoniu.com/activity/776086,auto,true
mtl_6a4b46da98bb1a0001bec1b4,单依纯,单依纯「纯妹妹2.0」2026巡回演唱会-西安站,西安,CN,西安奥体中心体育馆,2026-08-08T19:00,,,,https://www.motianlun.cn/show-detail/show-detail?showId=6a4b46da98bb1a0001bec1b4,https://x.piaoniu.com/activity/768929,auto,true
mtl_6a59be3b0f9b2500015a5223,单依纯,单依纯「纯妹妹2.0」2026巡回演唱会-南京站,南京,CN,南京梦之蓝青奥体育公园体育馆,2026-08-22T19:00,,,,https://www.motianlun.cn/show-detail/show-detail?showId=6a59be3b0f9b2500015a5223,https://x.piaoniu.com/activity/781380,auto,true
mtl_6a2684329ed6b1000152a830,杨千嬅,杨千嬅 Live MY LIVE 1.0 巡回演唱会-上海站,上海,CN,虹口足球场,2026-08-29T19:00,,,,https://www.motianlun.cn/show-detail/show-detail?showId=6a2684329ed6b1000152a830,https://x.piaoniu.com/activity/778679,auto,true
mtl_6a1d24e2942c680001c29e40,杨千嬅,杨千嬅 Live MY LIVE 1.0 世界巡回演唱会-广州站,广州,CN,广州天河体育中心体育场,2026-08-15T19:00,,,,https://www.motianlun.cn/show-detail/show-detail?showId=6a1d24e2942c680001c29e40,https://x.piaoniu.com/activity/778022,auto,true
mtl_69f2f44542d79a0001b8da4a,杨千嬅,杨千嬅 Live MY LIVE 1.0 巡回演唱会,天津,CN,天津奥林匹克中心体育场,2026-08-08T19:00,,,,https://www.motianlun.cn/show-detail/show-detail?showId=69f2f44542d79a0001b8da4a,https://x.piaoniu.com/activity/774635,auto,true
mtl_69f1a0165401cb0001770b17,杨千嬅,杨千嬅 Live MY LIVE 1.0 世界巡回演唱会,南宁,CN,广西体育中心体育场 ,2026-09-12T19:00,,,,https://www.motianlun.cn/show-detail/show-detail?showId=69f1a0165401cb0001770b17,,auto,true
mtl_6a585306b86a590001154200,杨千嬅,杨千嬅 Live MY LIVE 1.0 世界巡回演唱会-汕头站,汕头,CN,汕头体育中心体育场,2026-10-31T19:00,,,,https://www.motianlun.cn/show-detail/show-detail?showId=6a585306b86a590001154200,https://x.piaoniu.com/activity/781605,auto,true
mtl_6a1aa322f7682600012b7057,陈慧娴,2026 陈慧娴The Fabulous 40Priscilla Live 巡回演唱会-海口站,海口,CN,海口市五源河体育中心体育馆,2026-08-15T19:00,,,,https://www.motianlun.cn/show-detail/show-detail?showId=6a1aa322f7682600012b7057,https://x.piaoniu.com/activity/778017,auto,true
mtl_6a167c994495fe0001953457,陈慧娴,2026陈慧娴“The Fabulous 40”巡回演唱会一佛山站,佛山,CN,佛山国际体育文化演艺中心 ,2026-08-29T19:00,,,,https://www.motianlun.cn/show-detail/show-detail?showId=6a167c994495fe0001953457,https://x.piaoniu.com/activity/777782,auto,true
mtl_6a50b6fdb192de0001ad40c1,毛不易,"2026毛不易""只在今夜""北京演唱会",北京,CN,北京待定,2026-12-31T19:00,,,,https://www.motianlun.cn/show-detail/show-detail?showId=6a50b6fdb192de0001ad40c1,,auto,true
mtl_6a0bb3623c536c0001030a72,许嵩,许嵩2026「安泊猜想」巡回演唱会 武汉站,武汉,CN,武汉体育中心主体育场,2026-08-02T19:00,,,,https://www.motianlun.cn/show-detail/show-detail?showId=6a0bb3623c536c0001030a72,https://x.piaoniu.com/activity/776597,auto,true
mtl_6a0bb4773c536c000103431b,许嵩,许嵩2026「安泊猜想」巡回演唱会 广州站,广州,CN,广东省奥林匹克体育中心体育场,2026-08-21T19:00,,,,https://www.motianlun.cn/show-detail/show-detail?showId=6a0bb4773c536c000103431b,https://x.piaoniu.com/activity/781479,auto,true
mtl_6a5db9077354290001e69d02,许嵩,许嵩2026「安泊猜想」巡回演唱会 洛阳站,洛阳,CN,洛阳奥林匹克体育中心体育场,2026-08-28T19:00,,,,https://www.motianlun.cn/show-detail/show-detail?showId=6a5db9077354290001e69d02,https://x.piaoniu.com/activity/779392,auto,true
mtl_6a3b57f4e04c420001268fca,许嵩,许嵩2026「安泊猜想」巡回演唱会 青岛站,青岛,CN,青岛市民健身中心体育场,2026-09-04T19:00,,,,https://www.motianlun.cn/show-detail/show-detail?showId=6a3b57f4e04c420001268fca,https://x.piaoniu.com/activity/776805,auto,true
mtl_6a3b4a25bcac4b0001db2515,许嵩,许嵩2026「安泊猜想」巡回演唱会 苏州站,苏州,CN,苏州待定,2026-10-04T19:00,,,,https://www.motianlun.cn/show-detail/show-detail?showId=6a3b4a25bcac4b0001db2515,https://x.piaoniu.com/activity/779787,auto,true
mtl_6a224374e6a7de0001fdde05,许嵩,许嵩2026「安泊猜想」巡回演唱会,天津,CN,天津奥林匹克中心体育场,2026-09-24T19:00,,,,https://www.motianlun.cn/show-detail/show-detail?showId=6a224374e6a7de0001fdde05,https://x.piaoniu.com/activity/776921,auto,true
mtl_6a3b3d5909523e00013eb642,萧敬腾,萧敬腾2026野生巡回演唱会,杭州,CN,黄龙体育中心体育场,2026-09-12T19:00,,,,https://www.motianlun.cn/show-detail/show-detail?showId=6a3b3d5909523e00013eb642,,auto,true
mtl_69fd651fcc44e4000158f737,林宥嘉,林宥嘉《超级管家》巡回演唱会 上海站,上海,CN,虹口足球场,2026-08-15T19:00,,,,https://www.motianlun.cn/show-detail/show-detail?showId=69fd651fcc44e4000158f737,https://x.piaoniu.com/activity/774680,auto,true
mtl_69eb21b18aca1b0001d2a84c,林宥嘉,林宥嘉《超级管家》世界巡回演唱会,武汉,CN,武汉体育中心主体育场,2026-09-12T19:00,,,,https://www.motianlun.cn/show-detail/show-detail?showId=69eb21b18aca1b0001d2a84c,https://x.piaoniu.com/activity/779583,auto,true
mtl_69eb27b045e78d00018df3c2,周深,周深2026「深深的」巡回演唱会,济南,CN,济南奥体中心体育场,2026-08-22T19:00,,,,https://www.motianlun.cn/show-detail/show-detail?showId=69eb27b045e78d00018df3c2,https://x.piaoniu.com/activity/774494,auto,true
mtl_69f0467bad77c50001e60647,周深,周深2026「深深的」巡回演唱会-贵阳站,贵阳,CN,贵阳奥林匹克体育中心体育场,2026-08-09T19:00,,,,https://www.motianlun.cn/show-detail/show-detail?showId=69f0467bad77c50001e60647,https://x.piaoniu.com/activity/773748,auto,true
mtl_6a572b1526386c0001da76dc,周深,周深2026「深深的」巡回演唱会-长沙站,长沙,CN,长沙贺龙体育中心体育场,2026-10-17T19:00,,,,https://www.motianlun.cn/show-detail/show-detail?showId=6a572b1526386c0001da76dc,https://x.piaoniu.com/activity/777090,auto,true
mtl_69eb274145e78d00018db278,周深,周深2026「深深的」巡回演唱会,台州,CN,台州市体育中心体育场,2026-09-12T19:00,,,,https://www.motianlun.cn/show-detail/show-detail?showId=69eb274145e78d00018db278,https://x.piaoniu.com/activity/772921,auto,true
mtl_69eb289945e78d00018e7188,周深,周深2026「深深的」巡回演唱会,北京,CN,国家体育场—鸟巢,2026-09-25T19:00,,,,https://www.motianlun.cn/show-detail/show-detail?showId=69eb289945e78d00018e7188,https://x.piaoniu.com/activity/763000,auto,true
mtl_6a45d3cb57a4330001c01d3f,周深,周深2026「深深的」巡回演唱会,厦门,CN,厦门待定,2026-11-21T19:00,,,,https://www.motianlun.cn/show-detail/show-detail?showId=6a45d3cb57a4330001c01d3f,,auto,true
mtl_69eb29ab365f630001dac559,周深,周深2026「深深的」巡回演唱会,成都,CN,成都待定,敬请期待,,,,https://www.motianlun.cn/show-detail/show-detail?showId=69eb29ab365f630001dac559,,auto,true
mtl_69eb1b8e7d52ec00019ef795,汪苏泷,汪苏泷2026「明日世界」世界巡回演唱会-南京站,南京,CN,南京奥体中心体育场,2026-07-26T19:00,,,,https://www.motianlun.cn/show-detail/show-detail?showId=69eb1b8e7d52ec00019ef795,https://x.piaoniu.com/activity/773534,auto,true
mtl_69e8955f65f4240001a24aee,汪苏泷,汪苏泷2026「明日世界」世界巡回演唱会,北京,CN,国家体育场—鸟巢,2026-08-14T19:00,,,,https://www.motianlun.cn/show-detail/show-detail?showId=69e8955f65f4240001a24aee,https://x.piaoniu.com/activity/762998,auto,true
mtl_69e895d8ff6eb90001ec2185,汪苏泷,汪苏泷2026 演唱会,济南,CN,济南待定,敬请期待,,,,https://www.motianlun.cn/show-detail/show-detail?showId=69e895d8ff6eb90001ec2185,,auto,true
mtl_6a3f401d976f610001232a0c,张远,2026张远「远行」巡回演唱会,广州,CN,宝能广州国际体育演艺中心,2026-08-02T19:00,,,,https://www.motianlun.cn/show-detail/show-detail?showId=6a3f401d976f610001232a0c,https://x.piaoniu.com/activity/780085,auto,true
mtl_6a50ba8349dc9a000193509a,张远,2026张远「远行」演唱会-南京站,南京,CN,南京梦之蓝青奥体育公园体育馆,2026-08-15T19:00,,,,https://www.motianlun.cn/show-detail/show-detail?showId=6a50ba8349dc9a000193509a,https://x.piaoniu.com/activity/776315,auto,true
mtl_6a38d71dd215b10001dba2d3,王铮亮,王铮亮Time Echo巡回演唱会-重庆站,重庆,CN,重庆华熙生物·润百颜ECM中心,2026-08-22T19:00,,,,https://www.motianlun.cn/show-detail/show-detail?showId=6a38d71dd215b10001dba2d3,https://x.piaoniu.com/activity/778810,auto,true
mtl_6a068dc7ca825e0001b80425,韦礼安,2026韦礼安【HI WE1韦，您好】巡回演唱会-武汉站,武汉,CN,光谷国际网球中心(中央球场),2026-08-01T19:00,,,,https://www.motianlun.cn/show-detail/show-detail?showId=6a068dc7ca825e0001b80425,https://x.piaoniu.com/activity/776918,auto,true
mtl_6a461005b6efd80001ffdcb2,韦礼安,2026 韦礼安「HI WE1 韦，您好」巡回演唱会-杭州站,杭州,CN,黄龙体育中心（体育馆）,2026-08-22T19:00,,,,https://www.motianlun.cn/show-detail/show-detail?showId=6a461005b6efd80001ffdcb2,https://x.piaoniu.com/activity/780641,auto,true
mtl_6a632197cdd623000129956b,韦礼安,2026韦礼安「HI WE1 韦，您好」巡回演唱会-广州站,广州,CN,广州亚运城综合体育馆,2026-09-19T19:00,,,,https://www.motianlun.cn/show-detail/show-detail?showId=6a632197cdd623000129956b,https://x.piaoniu.com/activity/782200,auto,true
mtl_6a509ef49087dd0001f7f2e5,韦礼安, 韦礼安+蔡旻佑--如果可以我可以演唱会,重庆,CN,重庆华熙生物·润百颜ECM中心,2026-09-12T19:00,,,,https://www.motianlun.cn/show-detail/show-detail?showId=6a509ef49087dd0001f7f2e5,,auto,true
mtl_69e9f4ef42fea40001e6d8a3,陈粒,2026陈粒「一粒」十周年巡回演唱会,合肥,CN,合肥少荃体育中心体育馆,2026-08-15T19:00,,,,https://www.motianlun.cn/show-detail/show-detail?showId=69e9f4ef42fea40001e6d8a3,https://x.piaoniu.com/activity/769037,auto,true
mtl_69ce02c7a257fe000107dfe3,陈粒,陈粒「一粒」十周年巡回演唱会,沈阳,CN,三生制药体育馆（原辽宁体育馆）,2026-08-22T19:00,,,,https://www.motianlun.cn/show-detail/show-detail?showId=69ce02c7a257fe000107dfe3,https://x.piaoniu.com/activity/768917,auto,true
mtl_6a4c8d4a84dbb00001456dad,陈粒,陈粒「一粒」十周年巡回演唱会-诸暨站,绍兴,CN,西施篮球中心,2026-09-05T19:00,,,,https://www.motianlun.cn/show-detail/show-detail?showId=6a4c8d4a84dbb00001456dad,https://x.piaoniu.com/activity/780829,auto,true
mtl_6a4c641574557b000170175d,陈粒,陈粒「一粒」十周年巡回演唱会-郑州站,郑州,CN,郑州奥林匹克体育中心-洋河·梦之蓝体育馆,2026-09-12T19:00,,,,https://www.motianlun.cn/show-detail/show-detail?showId=6a4c641574557b000170175d,https://x.piaoniu.com/activity/768847,auto,true
mtl_6a63073cce972400012c26a8,陈粒,陈粒「一粒」十周年巡回演唱会-临沂站,临沂,CN,临沂奥体公园体育馆,2026-10-24T19:00,,,,https://www.motianlun.cn/show-detail/show-detail?showId=6a63073cce972400012c26a8,https://x.piaoniu.com/activity/775266,auto,true
mtl_6a6ad2c9484642000185b635,刘若英,刘若英 [飞行日] 2026巡回演唱会-重庆站,重庆,CN,重庆华熙生物·润百颜ECM中心,2026-10-17T19:00,,,,https://www.motianlun.cn/show-detail/show-detail?showId=6a6ad2c9484642000185b635,https://x.piaoniu.com/activity/782066,auto,true
mtl_6a6ac86e0ac7750001aa33dc,刘若英,刘若英 [飞行日] 2026巡回演唱会-澳门站,澳门,MO,澳门银河综艺馆Galaxy Arena,2026-10-03T19:00,,,,https://www.motianlun.cn/show-detail/show-detail?showId=6a6ac86e0ac7750001aa33dc,https://x.piaoniu.com/activity/782520,auto,true
mtl_6a6c4b6bcdc34e00016237c2,周杰伦,Time Machine Carnival 2026 Jay Chou World Tour Concert In  Guangzhou,广州,CN,Guangzhou Higher Education Mega Center Sports Cent,2026-12-04T19:00,,,,https://www.moretickets.com/show-detail/jay-gaungzhou-2026-concert?showId=6a6c4b6bcdc34e00016237c2&tourId=69c4a519ab997a00010ab1a9,,auto,true
mtl_6a6c19e6dea14000016b598a,袁娅维, TIA RAY Once Upon A Moon WORLD TOUR IN KUALA LUMPUR,澳门,MO,IDEA LIVE KL,2026-08-08T19:00,,,,https://www.moretickets.com/show-detail/tiaray-kualalumpur-2026-concert?showId=6a6c19e6dea14000016b598a&tourId=6a6c194d0f11ce0001e0b2bf,,auto,true
mtl_6a6c3e4af000450001c61976,单依纯,单依纯「纯妹妹2.0」2026巡回演唱会-成都站,成都,CN,五粮液文化体育中心-综合体育馆,2026-09-12T19:00,,,,https://www.motianlun.cn/show-detail/show-detail?showId=6a6c3e4af000450001c61976,https://x.piaoniu.com/activity/782815,auto,true
mtl_6a6c4df63fb6230001fba560,林宥嘉,林宥嘉《超级管家》世界巡回演唱会 深圳站,深圳,CN,华润深圳湾体育中心＂春茧＂体育场 ,2026-10-30T19:00,,,,https://www.motianlun.cn/show-detail/show-detail?showId=6a6c4df63fb6230001fba560,https://x.piaoniu.com/activity/782700,auto,true
mtl_6a707f872d053000016891a0,薛之谦,"Joker Xue ""King of Beasts"" 2026 World Tour in Shen Zhen",深圳,CN,Shenzhen Universiade Sports Centre Stadium,2026-08-21T19:00,,,,https://www.moretickets.com/show-detail/jokerxue-shenzhen-2026-concert?showId=6a707f872d053000016891a0&tourId=6a707ecd42d2eb0001202ea7,https://x.piaoniu.com/activity/782318,auto,true
mtl_6a72db46b2c6b200015160d5,刘若英,刘若英[飞行日]2026巡回演唱会-大连站,大连,CN,大连体育中心体育馆,2026-10-31T19:00,,,,https://www.motianlun.cn/show-detail/show-detail?showId=6a72db46b2c6b200015160d5,https://x.piaoniu.com/activity/782141,auto,true
mtl_6a757bf1cc0783000165d12f,张靓颖,"""Chasing"" Jane Zhang World Tour Final Stop In Macau",澳门,MO,Galaxy Arena,2026-10-10T19:00,,,,https://www.moretickets.com/show-detail/janezhang-macau-2026-concert?showId=6a757bf1cc0783000165d12f&tourId=693124c97eadd900013510b1,https://x.piaoniu.com/activity/783079,auto,true
mtl_6a770001514d950001698ad4,林宥嘉,林宥嘉《超级管家》巡回演唱会 苏州站,苏州,CN,苏州奥林匹克体育中心体育场,2026-10-17T19:00,,,,https://www.motianlun.cn/show-detail/show-detail?showId=6a770001514d950001698ad4,https://x.piaoniu.com/activity/783181,auto,true
mtl_6a79af8d0f007b0001b5f3ae,周深,ZHOUSHEN 2026 SHENSHEN'S CONCERT TOUR IN TAIZHOU,Taizhou,CN,Taizhou Sports Center Stadium,2026-09-12T19:00,,,,https://www.moretickets.com/show-detail/zhoushen-taizhou-2026-concert?showId=6a79af8d0f007b0001b5f3ae&tourId=6a1137a331184d000141a434,,auto,true
mtl_6a7ac6d05664b200019f2ca8,周杰伦,幸福 福州 嘉年华2027周杰伦 巡回演唱会,福州,CN,福州待定,2027-03-26T19:00,,,,https://www.motianlun.cn/show-detail/show-detail?showId=6a7ac6d05664b200019f2ca8,,auto,true
mtl_6a7c1c1dfd9fd40001e5c9cd,汪苏泷,汪苏泷2026「明日世界」世界巡回演唱会,西安,CN,西安待定,2026-10-09T19:00,,,,https://www.motianlun.cn/show-detail/show-detail?showId=6a7c1c1dfd9fd40001e5c9cd,,auto,true
